USE BookStores;
GO

-- Inserting data into production.publishers
INSERT INTO production.publishers (publisher_name) VALUES
('Penguin Random House'),
('HarperCollins'),
('Simon & Schuster'),
('Hachette Livre'),
('Macmillan Publishers'),
('Bloomsbury'),
('Scholastic Corporation'),
('Pearson'),
('Wiley'),
('Oxford University Press');

-- Inserting data into production.authors
INSERT INTO production.authors (author_name) VALUES
('J.K. Rowling'),
('Stephen King'),
('Agatha Christie'),
('Dan Brown'),
('J.R.R. Tolkien'),
('J.D. Salinger'),
('Charles Dickens'),
('William Shakespeare'),
('Jane Austen'),
('George Orwell');

-- Inserting data into production.genres
INSERT INTO production.genres (genre_name) VALUES
('Fiction'),
('Non-fiction'),
('Science Fiction'),
('Mystery'),
('Horror'),
('Romance'),
('Thriller'),
('Fantasy'),
('Biography'),
('Self-Help');

-- Inserting data into production.books
INSERT INTO production.books (book_barcode, book_name, book_page, book_price, author_id, genre_id, publisher_id) VALUES
('9780439554930', 'Harry Potter and the Philosopher''s Stone', 223, 10.00, 1, 7, 6),
('9780545582933', 'The Lightning Thief', 377, 10.99, 13, 2, 8),
('9780439554930', 'The Hunger Games', 374, 9.99, 11, 7, 7),
('9780439023528', 'The Twilight Saga: New Moon', 563, 15.00, 12, 7, 7),
('9780545010221', 'Divergent', 487, 11.99, 14, 7, 7),
('9780062315007', 'City of Bones', 485, 12.50, 15, 7, 9),
('9780545010222', 'The Maze Runner', 375, 10.00, 16, 7, 10),
('9780747590582', 'The Girl with the Dragon Tattoo', 672, 13.99, 17, 3, 11),
('9780545010223', 'The Catcher in the Rye', 277, 9.50, 18, 1, 12),
('9780747590583', 'The Da Vinci Code', 689, 14.50, 19, 3, 13);
('9780439139601', 'Harry Potter and the Prisoner of Azkaban', 462, 12.99, 1, 7, 3),
('9780545582934', 'The Hobbit', 310, 11.99, 2, 7, 4),
('9780439136366', 'To Kill a Mockingbird', 281, 9.99, 3, 1, 2),
('9780545582935', 'The Great Gatsby', 180, 10.50, 4, 1, 1),
('9780545582936', '1984', 328, 11.50, 5, 6, 14),
('9780439139598', 'The Alchemist', 182, 10.00, 6, 5, 5),
('9780545582937', 'The Catcher in the Rye', 277, 9.50, 7, 1, 12),
('9780439139599', 'The Kite Runner', 324, 12.50, 8, 8, 6),
('9780545582938', 'The Secret Life of Bees', 336, 13.50, 9, 5, 15),
('9780439139600', 'The Book Thief', 552, 14.99, 10, 1, 16),
('9780545582939', 'The Lovely Bones', 328, 12.00, 11, 7, 17),
('9780439139588', 'Memoirs of a Geisha', 503, 15.99, 12, 8, 18),
('9780545582940', 'Life of Pi', 460, 13.99, 13, 7, 19),
('9780439139602', 'The Road', 287, 11.00, 14, 6, 20),
('9780545582941', 'The Help', 464, 14.50, 15, 5, 21),
('9780439139603', 'Eat, Pray, Love', 334, 12.99, 16, 5, 22),
('9780545582942', 'Water for Elephants', 335, 13.00, 17, 5, 23),
('9780439139604', 'The Glass Castle', 288, 10.99, 18, 5, 24),
('9780545582943', 'The Time Traveler''s Wife', 518, 15.50, 19, 7, 25),
('9780439139605', 'The Night Circus', 387, 12.25, 20, 7, 26);


-- Inserting data into sales.customers
INSERT INTO sales.customers (first_name, last_name, phone, email, address) VALUES
('John', 'Doe', '1234567890', 'john.doe@example.com', '123 Main St, City'),
('Jane', 'Smith', '9876543210', 'jane.smith@example.com', '456 Elm St, Town'),
('Michael', 'Johnson', '6758493021', 'michael.johnson@example.com', '789 Oak Ave, Village'),
('Emily', 'Brown', '1928374650', 'emily.brown@example.com', '567 Pine St, County'),
('William', 'Davis', '3847562910', 'william.davis@example.com', '890 Cedar Ave, Hamlet'),
('Olivia', 'Martinez', '5061728394', 'olivia.martinez@example.com', '234 Birch Ln, Borough');

-- Inserting data into sales.stores
INSERT INTO sales.stores (store_name, phone, email, address) VALUES
('Main Store', '9876543210', 'info@mainstore.com', '456 Center St, City'),
('Downtown Store', '9871234560', 'info@downtownstore.com', '789 Elm St, City'),
('West End Store', '9870011220', 'info@westendstore.com', '101 Oak St, City');

-- Inserting data into sales.staff
INSERT INTO sales.staff (first_name, last_name, email, phone, active, store_id, manager_id, address) VALUES
('Alice', 'Smith', 'alice.smith@example.com', '5551234567', 1, 1, 1, '123 Center St, City'),
('Bob', 'Johnson', 'bob.johnson@example.com', '5559876543', 1, 2, 2, '456 Elm St, Town'),
('Eva', 'Williams', 'eva.williams@example.com', '5551928374', 1, 3, 3, '789 Oak Ave, Village'),
('David', 'Miller', 'david.miller@example.com', '5553847562', 1, 1, 1, '567 Pine St, County'),
('Sophia', 'Garcia', 'sophia.garcia@example.com', '5555061728', 1, 2, 2, '890 Cedar Ave, Hamlet'),
('James', 'Rodriguez', 'james.rodriguez@example.com', '5556758493', 3, 1, 3, '234 Birch Ln, Borough'),
('Ava', 'Lopez', 'ava.lopez@example.com', '5559302716', 1, 1, 2, '345 Maple Rd, Village'),
('Daniel', 'Gonzalez', 'daniel.gonzalez@example.com', '5558192736', 1, 1, 1, '456 Pineapple Ave, Town'),
('Mia', 'Hernandez', 'mia.hernandez@example.com', '5556273849', 1, 2, 2, '678 Orange St, City'),
('Alexander', 'Moore', 'alexander.moore@example.com', '5557384950', 1, 3, 3, '789 Lemon Ln, County'),
('Charlotte', 'Perez', 'charlotte.perez@example.com', '5558493052', 1, 1, 1, '890 Cherry Dr, Hamlet');

-- Inserting data into sales.orders
INSERT INTO sales.orders (customer_id, order_date, store_id, staff_id)
VALUES
(1, '2023-10-15', 1, 1),
(2, '2023-10-16', 2, 2),
(3, '2023-10-17', 3, 3),
(4, '2023-10-18', 1, 1),
(5, '2023-10-19', 2, 2),
(6, '2023-10-20', 3, 3),
(7, '2023-10-21', 1, 1),
(8, '2023-10-22', 2, 2),
(9, '2023-10-23', 3, 3),
(10, '2023-10-24', 1, 1),
(11, '2023-10-25', 2, 2),
(12, '2023-10-26', 3, 3),
(13, '2023-10-27', 1, 1),
(14, '2023-10-28', 2, 2),
(15, '2023-10-29', 3, 3),
(16, '2023-10-30', 1, 1),
(17, '2023-10-31', 2, 2),
(18, '2023-11-01', 3, 3),
(19, '2023-11-02', 1, 1),
(20, '2023-11-03', 2, 2),
(21, '2023-11-04', 3, 3),
(22, '2023-11-05', 1, 1),
(23, '2023-11-06', 2, 2),
(24, '2023-11-07', 3, 3),
(25, '2023-11-08', 1, 1),
(26, '2023-11-09', 2, 2),
(27, '2023-11-10', 3, 3),
(28, '2023-11-11', 1, 1),
(29, '2023-11-12', 2, 2),
(30, '2023-11-13', 3, 3)

-- Inserting data into sales.order_items
INSERT INTO sales.order_items (order_id, item_id, book_id, quantity, book_price, discount) VALUES
(1, 1, 1, 1, 10.00, 0),
(1, 2, 25, 1, 14.50, 5),
(1, 3, 4, 1, 15.00, 10),
(2, 1, 3, 1, 9.99, 0),
(2, 2, 14, 1, 10.50, 5),
(3, 1, 5, 1, 11.99, 0),
(3, 2, 8, 1, 13.99, 15),
(4, 1, 2, 1, 10.99, 0),
(4, 2, 20, 1, 14.99, 20),
(5, 1, 7, 1, 10.00, 0),
(5, 2, 18, 1, 12.50, 15),
(6, 1, 9, 1, 9.50, 5),
(6, 2, 23, 1, 13.99, 10),
(6, 3, 10, 1, 14.50, 20),
(7, 1, 1, 1, 10.00, 0),
(8, 1, 16, 1, 10.00, 0),
(8, 2, 22, 1, 15.99, 5),
(9, 1, 6, 1, 12.50, 0),
(9, 2, 29, 1, 15.50, 5),
(10, 1, 4, 1, 15.00, 0),
(10, 2, 12, 1, 11.99, 5),
(11, 1, 11, 1, 12.99, 0),
(11, 2, 17, 1, 9.50, 5),
(11, 3, 27, 1, 13.00, 15),
(12, 1, 3, 1, 9.99, 0),
(13, 1, 19, 1, 13.50, 0),
(13, 2, 24, 1, 11.00, 5),
(14, 1, 14, 1, 10.50, 0),
(15, 1, 5, 1, 11.99, 0),
(15, 2, 30, 1, 12.25, 10),
(15, 3, 7, 1, 10.00, 15),
(16, 1, 2, 1, 10.99, 0),
(16, 2, 25, 1, 14.50, 5),
(16, 3, 26, 1, 12.99, 10),
(17, 1, 1, 1, 10.00, 0),
(17, 2, 10, 1, 14.50, 5),
(18, 1, 3, 1, 9.99, 0),
(19, 1, 21, 1, 12.00, 0),
(19, 2, 5, 1, 11.99, 5),
(20, 1, 8, 1, 13.99, 0),
(20, 2, 15, 1, 11.50, 5),
(21, 1, 22, 1, 15.99, 0),
(21, 2, 13, 1, 9.99, 5),
(21, 3, 3, 1, 9.99, 10),
(22, 1, 6, 1, 12.50, 0),
(22, 2, 4, 1, 15.00, 5),
(23, 1, 20, 1, 14.99, 0),
(23, 2, 2, 1, 10.99, 5),
(23, 3, 28, 1, 10.99, 10),
(24, 1, 11, 1, 12.99, 0),
(24, 2, 17, 1, 9.50, 5),
(25, 1, 12, 1, 11.99, 0),
(25, 2, 1, 1, 10.00, 5),
(25, 3, 23, 1, 13.99, 10),
(26, 1, 26, 1, 12.99, 0),
(26, 2, 7, 1, 10.00, 5),
(27, 1, 30, 1, 12.25, 0),
(27, 2, 9, 1, 9.50, 5),
(28, 1, 14, 1, 10.50, 0),
(28, 2, 24, 1, 11.00, 5),
(29, 1, 5, 1, 11.99, 0),
(29, 2, 18, 1, 12.50, 5),
(30, 1, 3, 1, 9.99, 0);

-- Inserting data into production.stocks
INSERT INTO production.stocks (store_id, book_id, quantity) VALUES
(1, 1, 50),
(1, 2, 70),
(1, 3, 80),
(1, 4, 40),
(1, 5, 90),
(1, 6, 60),
(1, 7, 85),
(1, 8, 75),
(1, 9, 55),
(1, 10, 65),
(1, 11, 95),
(1, 12, 35),
(1, 13, 45),
(1, 14, 85),
(1, 15, 65),
(1, 16, 75),
(1, 17, 80),
(1, 18, 40),
(1, 19, 70),
(1, 20, 50),
(1, 21, 85),
(1, 22, 90),
(1, 23, 60),
(1, 24, 70),
(1, 25, 30),
(1, 26, 95),
(1, 27, 75),
(1, 28, 55),
(1, 29, 65),
(1, 30, 85),
(2, 1, 80),
(2, 2, 60),
(2, 3, 70),
(2, 4, 90),
(2, 5, 50),
(2, 6, 40),
(2, 7, 85),
(2, 8, 75),
(2, 9, 65),
(2, 10, 55),
(2, 11, 95),
(2, 12, 30),
(2, 13, 80),
(2, 14, 70),
(2, 15, 85),
(2, 16, 50),
(2, 17, 60),
(2, 18, 45),
(2, 19, 75),
(2, 20, 65),
(2, 21, 85),
(2, 22, 90),
(2, 23, 55),
(2, 24, 70),
(2, 25, 80),
(2, 26, 95),
(2, 27, 40),
(2, 28, 50),
(2, 29, 65),
(2, 30, 75),
(3, 1, 70),
(3, 2, 80),
(3, 3, 50),
(3, 4, 60),
(3, 5, 75),
(3, 6, 85),
(3, 7, 95),
(3, 8, 65),
(3, 9, 55),
(3, 10, 70),
(3, 11, 40),
(3, 12, 85),
(3, 13, 75),
(3, 14, 90),
(3, 15, 60),
(3, 16, 70),
(3, 17, 50),
(3, 18, 80),
(3, 19, 65),
(3, 20, 75),
(3, 21, 85),
(3, 22, 55),
(3, 23, 70),
(3, 24, 95),
(3, 25, 45),
(3, 26, 50),
(3, 27, 80),
(3, 28, 65),
(3, 29, 75),
(3, 30, 90);